{"MSE": 2.453983836538874, "_timestamp": 1685463407.8966167, "_runtime": 12.170469760894775, "_step": 0, "_wandb": {"runtime": 11}}