{"MSE": 2.4580175990919546, "_timestamp": 1685464529.0035915, "_runtime": 2.669846534729004, "_step": 0, "_wandb": {"runtime": 2}}