{"MSE": 2.4509540555559424, "_timestamp": 1685464561.8319213, "_runtime": 3.957249402999878, "_step": 0, "_wandb": {"runtime": 3}}