{"MSE": 2.461020213027117, "_timestamp": 1685464420.6851897, "_runtime": 8.084445714950562, "_step": 0, "_wandb": {"runtime": 7}}