{"MSE": 2.4551511318782238, "_timestamp": 1685464389.7683382, "_runtime": 2.853044271469116, "_step": 0, "_wandb": {"runtime": 2}}