{"MSE": 2.4855976801563022, "_timestamp": 1685464435.62544, "_runtime": 2.307248830795288, "_step": 0, "_wandb": {"runtime": 1}}